var_name,constant_write,var_write,read
__abi_tag,0,0,0
completed.0,0,0,0
__do_global_dtor[...],0,0,0
__frame_dummy_in[...],0,0,0
crc32_tab,0,0,0
crc32_context,0,8,44
__undefined,0,0,0
g_6,2,1,0
g_15,2,19,21
g_26,0,0,0
g_46,1,5,4
g_45,0,0,29
g_44,0,1,26
g_57,2,3,0
g_69,0,1,8
g_71,0,0,0
g_90,1,3,3
g_92,0,0,4
g_97,1,1,7
g_114,1,2,0
g_120,0,0,0
g_132,0,0,0
g_146,0,0,3
g_193,0,2,0
g_198,1,2,4
g_220,0,0,0
g_258,0,0,0
g_326,1,2,8
g_327,0,0,1
g_393,0,1,15
g_407,2,2,0
g_415,0,0,16
g_414,0,0,25
g_444,0,0,0
g_472,1,4,5
g_476,0,0,0
g_475,0,0,4
g_478,0,0,1
g_480,0,2,2
g_523,0,0,5
g_522,0,0,4
g_569,0,0,0
g_568,0,0,0
g_567,0,2,1
g_659,0,0,4
g_658,0,0,0
g_660,0,0,3
g_683,0,0,0
g_682,0,0,2
g_717,0,0,0
g_741,0,0,0
g_740,0,0,0
g_739,0,0,0
g_792,0,0,2
g_835,0,0,2
g_873,0,0,2
g_876,0,0,0
g_875,0,0,0
g_874,0,0,0
g_880,1,0,0
g_883,0,0,0
g_882,0,0,0
g_881,1,1,6
__PRETTY_FUNCTION__.5,0,0,0
__PRETTY_FUNCTION__.4,0,0,0
__PRETTY_FUNCTION__.0,0,0,0
__PRETTY_FUNCTION__.1,0,0,0
__PRETTY_FUNCTION__.2,0,0,0
__PRETTY_FUNCTION__.3,0,0,0
__FRAME_END__,0,0,0
_DYNAMIC,0,0,0
_GLOBAL_OFFSET_TABLE_,0,0,0
_IO_stdin_used,0,0,0
